{"cameraMode":{"drawMode":0,"name":"Shaded","section":"Shading Mode"},"sceneLighting":false,"audioPlay":false,"sceneViewState":{"m_AlwaysRefresh":false,"showFog":false,"showSkybox":false,"showFlares":false,"showImageEffects":false,"showParticleSystems":false,"showVisualEffectGraphs":true,"m_FxEnabled":true},"in2DMode":false,"pivot":{"x":-0.0143890380859375,"y":0.8184290528297424,"z":0.018065929412841798},"rotation":{"x":-0.043089814484119418,"y":0.9194707274436951,"z":-0.10527612268924713,"w":-0.3763417899608612},"size":1.2875280380249024,"orthographic":false}