{"cameraMode":{"drawMode":0,"name":"Shaded","section":"Shading Mode"},"sceneLighting":false,"audioPlay":false,"sceneViewState":{"m_AlwaysRefresh":false,"showFog":false,"showSkybox":false,"showFlares":false,"showImageEffects":false,"showParticleSystems":false,"showVisualEffectGraphs":true,"m_FxEnabled":true},"in2DMode":false,"pivot":{"x":-0.00043696165084838867,"y":0.863038182258606,"z":0.06768521666526795},"rotation":{"x":-0.043089814484119418,"y":0.9194707274436951,"z":-0.10527612268924713,"w":-0.3763417899608612},"size":1.0571779012680054,"orthographic":false}