{"cameraMode":{"drawMode":0,"name":"Shaded","section":"Shading Mode"},"sceneLighting":false,"audioPlay":false,"sceneViewState":{"m_AlwaysRefresh":false,"showFog":false,"showSkybox":false,"showFlares":false,"showImageEffects":false,"showParticleSystems":false,"showVisualEffectGraphs":true,"m_FxEnabled":true},"in2DMode":false,"pivot":{"x":-0.04048043489456177,"y":0.7547506093978882,"z":0.01237577199935913},"rotation":{"x":0.26687803864479067,"y":-0.35167431831359866,"z":0.10532748699188233,"w":0.8910725116729736},"size":1.3433417081832886,"orthographic":false}