{"cameraMode":{"drawMode":0,"name":"Shaded","section":"Shading Mode"},"sceneLighting":false,"audioPlay":false,"sceneViewState":{"m_AlwaysRefresh":false,"showFog":false,"showSkybox":false,"showFlares":false,"showImageEffects":false,"showParticleSystems":false,"showVisualEffectGraphs":true,"m_FxEnabled":true},"in2DMode":false,"pivot":{"x":-0.1771538257598877,"y":1.017903447151184,"z":0.15870678424835206},"rotation":{"x":-0.030523469671607019,"y":0.9367600679397583,"z":-0.08453676849603653,"w":-0.33823341131210329},"size":1.0733898878097535,"orthographic":false}