{"cameraMode":{"drawMode":0,"name":"Shaded","section":"Shading Mode"},"sceneLighting":false,"audioPlay":false,"sceneViewState":{"m_AlwaysRefresh":false,"showFog":false,"showSkybox":false,"showFlares":false,"showImageEffects":false,"showParticleSystems":false,"showVisualEffectGraphs":true,"m_FxEnabled":true},"in2DMode":false,"pivot":{"x":0.07943809032440186,"y":0.5903842449188232,"z":0.14359843730926515},"rotation":{"x":0.02132185734808445,"y":-0.6631646752357483,"z":0.018905313685536386,"w":0.7479322552680969},"size":1.387993574142456,"orthographic":false}